_id,profile_joined_name
1,
2,Matthew
3,WInston 
4,
5,Mary I
6,Robert
7,Steve W
8,Mason U
9,Hope R
10,Mindy L
11,Jayson
12,Susan
13,
14,Ada T
15,
16,Kyle E
17,John Smith
18,
19,Owen X
20,
21,
22,
23,
24,
25,
26,
27,
28,
29,
30,
31,
32,
33,
34,
35,
36,
37,
38,
39,
40,
41,
42,
43,
45,
46,
47,
48,
49,
50,
51,
52,
53,
54,
55,
56,
57,
58,
59,
60,
61,Samantha H
62,Stev G
63,
64,
65,
66,
67,
68,
69,
70,
71,
72,
73,
74,
75,
76,
77,
78,
79,
80,
81,Jane S